VendorName,TotalSalesAmount,TotalBalanceDue
Alpha Supplies,3167955.59,69021.52
Beta Traders,5208347.21,107710.65428571428
Delta Wholesale,7296714.83,85004.38739130435
Epsilon Goods,2923815.5300000003,68970.84923076924
Eta Distributors,2305101.71,49459.429
Gamma Corp,1156100.84,136357.484
Theta Co,5468626.91,117183.98416666668
Zeta Imports,2750693.76,40248.39166666666
